sample_id,label,measure,PhamDaiPhuc2A202602256,ThanhLong,day09_GiaLinh,linhntt,tvaq,agree
LISA09,traffic_light,count,5,6,7,6,5,0
LISA09,traffic_light,attr:occluded,false|false|false|false|false,false|false|false|false|false|false,false|false|false|false|false|false|true,false|false|false|false|false|false,false|false|false|false|false,0
LISA09,traffic_light,attr:relevance,ego_primary|ego_primary|ego_primary|other_direction|other_direction,ego_primary|ego_primary|ego_primary|other_direction|other_direction|other_direction,ego_primary|other_direction|other_direction|other_direction|other_direction|other_direction|other_direction,ego_primary|ego_primary|other_direction|other_direction|other_direction|other_direction,ego_primary|ego_primary|ego_primary|other_direction|other_direction,0
LISA09,traffic_light,attr:state,red|red|red|red|red,red|red|red|red|red|red,__undefined__|red|red|red|red|red|unknown,red|red|red|red|red|red,red|red|red|red|red,0
LISA10,traffic_light,count,5,6,7,6,5,0
LISA10,traffic_light,attr:occluded,false|false|false|false|false,false|false|false|false|false|false,false|false|false|false|false|false|true,false|false|false|false|false|false,false|false|false|false|false,0
LISA10,traffic_light,attr:relevance,ego_primary|ego_primary|ego_primary|other_direction|other_direction,ego_primary|ego_primary|ego_primary|other_direction|other_direction|other_direction,ego_primary|other_direction|other_direction|other_direction|other_direction|other_direction|other_direction,ego_primary|ego_primary|other_direction|other_direction|other_direction|other_direction,ego_primary|ego_primary|ego_primary|other_direction|other_direction,0
LISA10,traffic_light,attr:state,red|red|red|red|red,red|red|red|red|red|red,__undefined__|red|red|red|red|red|red,red|red|red|red|red|red,red|red|red|red|red,0
LISA16,traffic_light,count,5,6,7,6,5,0
LISA16,traffic_light,attr:occluded,false|false|false|false|false,false|false|false|false|false|false,false|false|false|false|false|false|true,false|false|false|false|false|false,false|false|false|false|false,0
LISA16,traffic_light,attr:relevance,ego_primary|ego_primary|ego_primary|other_direction|other_direction,ego_primary|ego_primary|ego_primary|other_direction|other_direction|other_direction,ego_primary|other_direction|other_direction|other_direction|other_direction|other_direction|other_direction,ego_primary|ego_primary|other_direction|other_direction|other_direction|other_direction,ego_primary|ego_primary|ego_primary|other_direction|other_direction,0
LISA16,traffic_light,attr:state,green|green|off|red|red,green|green|green|off|red|red,__undefined__|green|green|green|off|red|red,green|green|green|off|red|red,green|green|off|red|red,0
LISA17,traffic_light,count,5,7,8,6,5,0
LISA17,traffic_light,attr:occluded,false|false|false|false|false,false|false|false|false|false|false|false,false|false|false|false|false|false|false|true,false|false|false|false|false|false,false|false|false|false|false,0
LISA17,traffic_light,attr:relevance,ego_primary|ego_primary|ego_primary|other_direction|other_direction,__undefined__|ego_primary|ego_primary|ego_primary|other_direction|other_direction|other_direction,ego_primary|other_direction|other_direction|other_direction|other_direction|other_direction|other_direction|other_direction,ego_primary|ego_primary|other_direction|other_direction|other_direction|other_direction,ego_primary|ego_primary|ego_primary|other_direction|other_direction,0
LISA17,traffic_light,attr:state,green|green|red|red|red,__undefined__|green|green|green|green|red|unknown,__undefined__|green|green|green|green|green|red|unknown,green|green|green|green|red|red,green|green|green|red|red,0
LISA18,traffic_light,count,5,6,7,6,5,0
LISA18,traffic_light,attr:occluded,false|false|false|false|false,false|false|false|false|false|false,false|false|false|false|false|false|true,false|false|false|false|false|false,false|false|false|false|false,0
LISA18,traffic_light,attr:relevance,ego_primary|ego_primary|ego_primary|other_direction|other_direction,ego_primary|ego_primary|ego_primary|other_direction|other_direction|other_direction,ego_primary|other_direction|other_direction|other_direction|other_direction|other_direction|other_direction,ego_primary|ego_primary|other_direction|other_direction|other_direction|other_direction,ego_primary|ego_primary|ego_primary|other_direction|other_direction,0
LISA18,traffic_light,attr:state,green|green|red|red|red,green|green|green|green|red|red,__undefined__|green|green|green|green|red|red,green|green|green|green|red|red,green|green|green|red|red,0
LISA21,traffic_light,count,6,6,7,6,5,0
LISA21,traffic_light,attr:occluded,false|false|false|false|false|false,false|false|false|false|false|false,false|false|false|false|false|false|false,false|false|false|false|false|false,false|false|false|false|false,0
LISA21,traffic_light,attr:relevance,ego_primary|ego_primary|ego_primary|ego_primary|other_direction|other_direction,ego_primary|ego_primary|ego_primary|other_direction|other_direction|other_direction,ego_primary|other_direction|other_direction|other_direction|other_direction|other_direction|other_direction,ego_primary|ego_primary|other_direction|other_direction|other_direction|other_direction,ego_primary|ego_primary|ego_primary|other_direction|other_direction,0
LISA21,traffic_light,attr:state,green|green|red|red|red|red,green|green|green|green|red|red,__undefined__|green|green|green|green|red|unknown,green|green|green|green|red|red,green|green|green|red|red,0
