sample_id,decision_id,expected,severity,kind,peer_evidence,correct,note
LISA06,D01,traffic_light [relevance=ego_primary;state=circle_red],critical,decision,traffic_light [relevance=ego_primary;state=arrow_left;truncated=false] | traffic_light [relevance=ego_primary;state=circle_red;truncated=false] | traffic_light [relevance=other_direction;state=circle_red;truncated=false]×2,1,Peer vẽ đúng box ego_primary circle_red cho đầu đèn giữa
LISA06,D02,geometry:Visible crop ôm sát phần vỏ + visor nhô ra (lệch <= 2px),minor,geometry,traffic_light [relevance=ego_primary;state=arrow_left;truncated=false] | traffic_light [relevance=ego_primary;state=circle_red;truncated=false] | traffic_light [relevance=other_direction;state=circle_red;truncated=false]×2,1,Geometry ôm sát phần vỏ + visor theo đúng mục 3
LISA13,D03,traffic_light [relevance=ego_primary;state=circle_red],critical,decision,traffic_light [relevance=ego_primary;state=arrow_left;truncated=false] | traffic_light [relevance=other_direction;state=circle_red;truncated=false]×3,1,Peer gán đúng nhãn ego_primary cho đầu đèn chính
LISA13,D04,Không khoanh đốm sáng tầm thấp y > 430,major,decision,traffic_light [relevance=ego_primary;state=arrow_left;truncated=false] | traffic_light [relevance=other_direction;state=circle_red;truncated=false]×3,1,Peer không khoanh nhầm đốm sáng tầm thấp
LISA24,D05,traffic_light [relevance=other_direction;state=arrow_left],critical,decision,traffic_light [relevance=ego_primary;state=arrow_left;truncated=false] | traffic_light [relevance=other_direction;state=circle_green;truncated=false]×3,0,Peer nhầm gán ego_primary cho mũi tên rẽ trái thay vì other_direction
LISA24,D06,traffic_light [relevance=ego_primary;state=circle_green],critical,decision,traffic_light [relevance=ego_primary;state=arrow_left;truncated=false] | traffic_light [relevance=other_direction;state=circle_green;truncated=false]×3,1,Peer xác định đúng đầu đèn đi thẳng xanh
LISA27,D07,traffic_light [relevance=other_direction;state=circle_green],major,decision,traffic_light [relevance=ego_primary;state=arrow_left;truncated=false] | traffic_light [relevance=other_direction;state=circle_green;truncated=false]×2,1,Peer vẽ đủ các hộp đèn xa >= 10px
LISA27,D08,geometry:Tách riêng từng Bounding Box cho các hộp đèn nhỏ phía xa,minor,geometry,traffic_light [relevance=ego_primary;state=arrow_left;truncated=false] | traffic_light [relevance=other_direction;state=circle_green;truncated=false]×2,1,Peer tách riêng từng box không gộp cụm
LISA30,D09,traffic_light [relevance=ambiguous;state=unknown;occluded=true],major,decision,traffic_light [relevance=ego_primary;state=arrow_left;truncated=false] | traffic_light [relevance=other_direction;state=circle_green;truncated=false]×2,0,Peer tự đoán màu xanh thay vì chọn ambiguous và unknown khi bị che
LISA30,D10,geometry:Box visible crop ôm sát phần vỏ nhìn thấy thực tế (cao ~18px),minor,geometry,traffic_light [relevance=ego_primary;state=arrow_left;truncated=false] | traffic_light [relevance=other_direction;state=circle_green;truncated=false]×2,1,Peer vẽ đúng visible crop phần nhìn thấy
